<?xml version="1.0" encoding="Shift-JIS"?>
<config>
  <fs>
    <nr_filesys __type="u16">16</nr_filesys>
    <nr_mountpoint __type="u16">4096</nr_mountpoint>
    <nr_mounttable __type="u16">32</nr_mounttable>
    <nr_filedesc __type="u16">16384</nr_filedesc>
    <link_limit __type="u16">8</link_limit>
    <root>
      <device __type="str">.</device>
    </root>
    <mounttable>
      <vfs name="boot" fstype="fs" src=".\dev\raw" dst="/dev/raw" opt="vf=1,posix=1"/>
      <vfs name="boot" fstype="fs" src=".\dev\nvram" dst="/dev/nvram" opt="vf=1,posix=1"/>
    </mounttable>
  </fs>


  <log>
    <netsci>
      <enable __type="bool">0</enable>
    </netsci>
    <level>all</level>
    <output_delay __type="u16">0</output_delay>
    <sz_buf __type="u32">0</sz_buf>
    <enable_console __type="bool">1</enable_console>
    <enable_netsci __type="bool">0</enable_netsci>
    <enable_netlog __type="bool">0</enable_netlog>
    <enable_file __type="bool">0</enable_file>
    <rotate __type="bool">1</rotate>
    <append __type="bool">0</append>
  </log>

  <time>
    <gmt_offset __type="s32">32400</gmt_offset>
  </time>
  <net>
    <nr_protocol __type="u16">16</nr_protocol>
    <nr_socket __type="u16">32</nr_socket>
    <enable_raw __type="bool">1</enable_raw>
    <lz77sock><enable __type="bool">1</enable></lz77sock>
    <multisock><enable __type="bool">1</enable></multisock>
    <eaudp><enable __type="bool">1</enable></eaudp>
  </net>
  <thread>
    <nr_thread __type="u16">256</nr_thread>
    <nr_semaphore __type="u16">64</nr_semaphore>
    <nr_mutex __type="u16">1024</nr_mutex>
    <nr_event __type="u16">64</nr_event>
    <pool>
      <affinity_mask __type="u64">0</affinity_mask>
    </pool>
  </thread>
</config>

