<?xml version="1.0" encoding="utf-8"?>
<config>
	<!-- This file is auto generated by prop/gen_bootstrap_xml.sh -->
	<release_code>2022021400</release_code>
	<startup>
		<release>
			<boot>
				<file>./prop/avs-config.xml</file>
				<heap_avs __type="u32">268435456</heap_avs><!-- 256MB -->
			</boot>
			<default>
				<file dst="/dev/nvram/coin.xml" src="/prop/defaults/coin.xml" />
				<file dst="/dev/nvram/eacoin.xml" src="/prop/defaults/eacoin.xml" />
			</default>
			<log>
				<level>disable</level>
				<output_delay __type="u16">20</output_delay>
				<sz_buf __type="u32">65536</sz_buf>
				<enable_console __type="bool">0</enable_console>
				<enable_netsci __type="bool">0</enable_netsci>
				<enable_netlog __type="bool">0</enable_netlog>
				<enable_file __type="bool">0</enable_file>
				<rotate __type="bool">0</rotate>
				<append __type="bool">0</append>
			</log>
			<dongle>
				<license>e-AMUSEMENT/License</license>
				<account>e-AMUSEMENT/Game</account>
				<pkcs11_driver>eTPKCS11.dll</pkcs11_driver>
			</dongle>
			<shield>
				<enable __type="bool">1</enable>
				<verbose __type="bool">0</verbose>
				<sleepblur __type="u32">90</sleepblur>
				<overwork_threshold __type="u8">70</overwork_threshold>
				<whitelist>prop/whitelist.csv</whitelist>
			</shield>
			<drm>
				<dll>kdm.dll</dll>
				<device>.</device>
				<dst>/</dst>
				<fstype>drm</fstype>
				<option>oblivion_threshold=600000</option>
			</drm>
			<eamuse>
				<enable __type="bool">1</enable>
				<sync __type="bool">1</sync>
				<file>/mnt/ea3-config.xml</file>
			</eamuse>
			<dlml>
				<ntdll>
					<!-- file time 2013/08/29 11:16:35 -->
					<hash __type="bin">caaac014c5c56a69f710b5f1b836de22</hash>
					<size __type="u32">1732032</size>
					<ift_table __type="u32">0x134000</ift_table>
					<insert_ift __type="u32">0x3ab10</insert_ift>
					<remove_ift __type="u32">0x230c0</remove_ift>
				</ntdll>
			</dlml>
			<component>
				<file>soundvoltex.dll</file>
				<load_type>MEMORY</load_type>
				<param />
			</component>
			<minidump>
				<gen __type="u8">0</gen>
				<cont_debug __type="bool">0</cont_debug>
				<dump_type __type="u8">2</dump_type>
				<path>/dev/raw/minidump</path>
				<sz_symbuf __type="u32">262144</sz_symbuf>
				<search>.</search>
			</minidump>
		</release>
		<w10_release>
			<boot>
				<file>./prop/avs-config.xml</file>
				<heap_avs __type="u32">268435456</heap_avs><!-- 256MB -->
			</boot>
			<default>
				<file dst="/dev/nvram/coin.xml" src="/prop/defaults/coin.xml" />
				<file dst="/dev/nvram/eacoin.xml" src="/prop/defaults/eacoin.xml" />
			</default>
			<log>
				<level>disable</level>
				<output_delay __type="u16">20</output_delay>
				<sz_buf __type="u32">65536</sz_buf>
				<enable_console __type="bool">0</enable_console>
				<enable_netsci __type="bool">0</enable_netsci>
				<enable_netlog __type="bool">0</enable_netlog>
				<enable_file __type="bool">0</enable_file>
				<rotate __type="bool">0</rotate>
				<append __type="bool">0</append>
			</log>
			<dongle>
				<license>e-AMUSEMENT/License</license>
				<account>e-AMUSEMENT/Game</account>
				<pkcs11_driver>eTPKCS11.dll</pkcs11_driver>
			</dongle>
			<shield>
				<enable __type="bool">1</enable>
				<verbose __type="bool">0</verbose>
				<sleepblur __type="u32">90</sleepblur>
				<overwork_threshold __type="u8">70</overwork_threshold>
				<whitelist>prop/whitelist.csv</whitelist>
			</shield>
			<drm>
				<dll>kdm.dll</dll>
				<device>.</device>
				<dst>/</dst>
				<fstype>drm</fstype>
				<option>oblivion_threshold=600000</option>
			</drm>
			<eamuse>
				<enable __type="bool">1</enable>
				<sync __type="bool">1</sync>
				<file>/mnt/ea3-config.xml</file>
			</eamuse>
			<dlml>
				<ntdll>
					<!-- file time 2018/09/15 16:28:45 -->
					<hash __type="bin">0d7af30d0a42165ee37f1311e6fbe1d1</hash>
					<size __type="u32">1998032</size>
					<ift_table __type="u32">0x1784d0</ift_table>
					<insert_ift __type="u32">0x41228</insert_ift>
					<remove_ift __type="u32">0x7285c</remove_ift>
				</ntdll>
			</dlml>
			<component>
				<file>soundvoltex.dll</file>
				<load_type>MEMORY</load_type>
				<param />
			</component>
			<minidump>
				<gen __type="u8">0</gen>
				<cont_debug __type="bool">0</cont_debug>
				<dump_type __type="u8">2</dump_type>
				<path>/dev/raw/minidump</path>
				<sz_symbuf __type="u32">262144</sz_symbuf>
				<search>.</search>
			</minidump>
		</w10_release>
	</startup>
</config>
