<?xml version="1.0" encoding="Shift-JIS"?>
<share>
 <max_size __type="u64">5368709120</max_size>
 <nr_files  __type="u16">10</nr_files>
 <nr_open  __type="u16">4</nr_open> 
 <nr_worker __type="u16">3</nr_worker> 
 <pool_dir __type="str">/dev/raw/fscache</pool_dir>
 <auto_download __type="bool">1</auto_download>
 <fast_start __type="bool">1</fast_start>
 <cache_full_check __type="bool">1</cache_full_check>
 <use_previous_cache __type="bool">1</use_previous_cache>
<!-- 
 <verbose __type="bool">1</verbose>

 <pkglist>
 <period __type="u32">10</period>
  <min_force __type="u32">10</min_force>
 </pkglist>
 <server>
	<retry_time_direct __type="u32">1</retry_time_direct>
	<retry_time_server __type="u32">600</retry_time_server>
  </server>
-->

</share>